[
  {
    "password": "j",
    "plateList": [
      "88-JJ-99",
      "88-JJ-99",
      "88-JJ-99"
    ],
    "person": {
      "address": "Rua das Flores 21, Lisboa",
      "name": "Joao Silva",
      "dateOfBirth": "23-01-1960",
      "fiscalNumber": 1234
    },
    "policyNumber": 1112222333,
    "claimList": [
      {
        "occurrenceDate": "01-07-2018",
        "messageList": [
          {
            "msg": "If you need any more information, contact me.",
            "date": "17-01-2018 11:15",
            "sender": "Joao Silva"
          },
          {
            "msg": "Test Message from mobile app",
            "date": "26-01-2019 18:36",
            "sender": "Joao Silva"
          },
          {
            "msg": "Test Message from mobile app",
            "date": "06-02-2019 12:08",
            "sender": "Joao Silva"
          },
          {
            "msg": "Test Message from mobile app",
            "date": "06-02-2019 13:28",
            "sender": "Joao Silva"
          },
          {
            "msg": "Test Message from mobile app",
            "date": "06-02-2019 13:31",
            "sender": "Joao Silva"
          },
          {
            "msg": "Test Message from mobile app",
            "date": "06-02-2019 17:17",
            "sender": "Joao Silva"
          },
          {
            "msg": "Test Message from mobile app",
            "date": "06-02-2019 17:28",
            "sender": "Joao Silva"
          },
          {
            "msg": "Test Message from mobile app",
            "date": "07-02-2019 15:38",
            "sender": "Joao Silva"
          },
          {
            "msg": "Test Message from mobile app",
            "date": "07-02-2019 15:57",
            "sender": "Joao Silva"
          },
          {
            "msg": "Test Message from mobile app",
            "date": "08-02-2019 15:08",
            "sender": "Joao Silva"
          },
          {
            "msg": " We are currently handling your claim.",
            "date": "08-02-2019 17:05",
            "sender": "AutoInSure"
          },
          {
            "msg": " We are currently handling your claim.",
            "date": "08-02-2019 17:05",
            "sender": "AutoInSure"
          },
          {
            "msg": " We are currently handling your claim.newMessage j 1 We are currently handling your claim.",
            "date": "08-02-2019 17:05",
            "sender": "AutoInSure"
          },
          {
            "msg": "Test Message from mobile app",
            "date": "08-02-2019 17:07",
            "sender": "Joao Silva"
          },
          {
            "msg": "Test Message from mobile app",
            "date": "13-02-2019 10:28",
            "sender": "Joao Silva"
          },
          {
            "msg": "Test Message from mobile app",
            "date": "13-02-2019 10:29",
            "sender": "Joao Silva"
          }
        ],
        "description": "Description of claim 1.",
        "submissionDate": "02-07-2018",
        "plate": "88-JJ-99",
        "claimId": 1,
        "claimTitle": "Claim 1 Title",
        "status": "pending"
      },
      {
        "occurrenceDate": "29-06-2018",
        "messageList": [],
        "description": "Test Claim Description",
        "submissionDate": "19-07-2018",
        "plate": "ZZ-11-22",
        "claimId": 2,
        "claimTitle": "Test Claim Title",
        "status": "pending"
      },
      {
        "occurrenceDate": "29-06-2018",
        "messageList": [],
        "description": "Test Claim Description",
        "submissionDate": "26-01-2019",
        "plate": "ZZ-11-22",
        "claimId": 3,
        "claimTitle": "Test Claim Title",
        "status": "pending"
      },
      {
        "occurrenceDate": "29-06-2018",
        "messageList": [],
        "description": "Test Claim Description",
        "submissionDate": "06-02-2019",
        "plate": "ZZ-11-22",
        "claimId": 4,
        "claimTitle": "Test Claim Title",
        "status": "pending"
      },
      {
        "occurrenceDate": "29-06-2018",
        "messageList": [],
        "description": "Test Claim Description",
        "submissionDate": "06-02-2019",
        "plate": "ZZ-11-22",
        "claimId": 5,
        "claimTitle": "Test Claim Title",
        "status": "pending"
      },
      {
        "occurrenceDate": "29-06-2018",
        "messageList": [],
        "description": "Test Claim Description",
        "submissionDate": "06-02-2019",
        "plate": "ZZ-11-22",
        "claimId": 6,
        "claimTitle": "Test Claim Title",
        "status": "pending"
      },
      {
        "occurrenceDate": "29-06-2018",
        "messageList": [],
        "description": "Test Claim Description",
        "submissionDate": "06-02-2019",
        "plate": "ZZ-11-22",
        "claimId": 7,
        "claimTitle": "Test Claim Title",
        "status": "pending"
      },
      {
        "occurrenceDate": "29-06-2018",
        "messageList": [],
        "description": "Test Claim Description",
        "submissionDate": "06-02-2019",
        "plate": "ZZ-11-22",
        "claimId": 8,
        "claimTitle": "Test Claim Title",
        "status": "pending"
      },
      {
        "occurrenceDate": "29-06-2018",
        "messageList": [],
        "description": "Test Claim Description",
        "submissionDate": "07-02-2019",
        "plate": "ZZ-11-22",
        "claimId": 9,
        "claimTitle": "Test Claim Title",
        "status": "pending"
      },
      {
        "occurrenceDate": "29-06-2018",
        "messageList": [],
        "description": "Test Claim Description",
        "submissionDate": "07-02-2019",
        "plate": "ZZ-11-22",
        "claimId": 10,
        "claimTitle": "Test Claim Title",
        "status": "pending"
      },
      {
        "occurrenceDate": "29-06-2018",
        "messageList": [],
        "description": "Test Claim Description",
        "submissionDate": "08-02-2019",
        "plate": "ZZ-11-22",
        "claimId": 11,
        "claimTitle": "Test Claim Title",
        "status": "pending"
      },
      {
        "occurrenceDate": "8-2-2019",
        "messageList": [
          {
            "msg": " We are currently handling your claim.",
            "date": "08-02-2019 17:05",
            "sender": "AutoInSure"
          }
        ],
        "description": "Test Claim1",
        "submissionDate": "08-02-2019",
        "plate": "88-JJ-99",
        "claimId": 12,
        "claimTitle": "New Claim1 at UiO",
        "status": "pending"
      },
      {
        "occurrenceDate": "29-06-2018",
        "messageList": [],
        "description": "Test Claim Description",
        "submissionDate": "08-02-2019",
        "plate": "ZZ-11-22",
        "claimId": 13,
        "claimTitle": "Test Claim Title",
        "status": "pending"
      },
      {
        "occurrenceDate": "29-06-2018",
        "messageList": [],
        "description": "Test Claim Description",
        "submissionDate": "13-02-2019",
        "plate": "ZZ-11-22",
        "claimId": 14,
        "claimTitle": "Test Claim Title",
        "status": "pending"
      },
      {
        "occurrenceDate": "29-06-2018",
        "messageList": [],
        "description": "Test Claim Description",
        "submissionDate": "13-02-2019",
        "plate": "ZZ-11-22",
        "claimId": 15,
        "claimTitle": "Test Claim Title",
        "status": "pending"
      }
    ],
    "username": "j"
  },
  {
    "password": "m",
    "plateList": [
      "88-MM-99",
      "88-MM-88"
    ],
    "person": {
      "address": "Av. da Liberdade 1, Lisboa",
      "name": "Maria Albertina",
      "dateOfBirth": "16-02-1986",
      "fiscalNumber": 211
    },
    "policyNumber": 202020202,
    "claimList": [
      {
        "occurrenceDate": "20-06-2018",
        "messageList": [
          {
            "msg": "Any news regarding this claim?",
            "date": "20-06-2018 17:15",
            "sender": "Maria Albertina"
          },
          {
            "msg": "Yes, the claim was accepted!",
            "date": "21-06-2018",
            "sender": "AutoInSure"
          }
        ],
        "description": "Description of claim 1.",
        "submissionDate": "20-06-2018",
        "plate": "88-MM-88",
        "claimId": 1,
        "claimTitle": "Claim 1 Title",
        "status": "accepted"
      },
      {
        "occurrenceDate": "25-06-2018",
        "messageList": [
          {
            "msg": "Your claim was denied due to ...",
            "date": "25-06-2018 14:15",
            "sender": "AutoInSure"
          }
        ],
        "description": "Description of claim 2.",
        "submissionDate": "26-06-2018",
        "plate": "88-MM-99",
        "claimId": 2,
        "claimTitle": "Claim 2 Title",
        "status": "denied"
      }
    ],
    "username": "m"
  }
]