[
  {
    "password": "j",
    "plateList": [
      "88-JJ-99",
      "88-JJ-99",
      "88-JJ-99"
    ],
    "person": {
      "address": "Rua das Flores 21, Lisboa",
      "name": "Joao Silva",
      "dateOfBirth": "23-01-1960",
      "fiscalNumber": 1234
    },
    "policyNumber": 1112222333,
    "claimList": [
      {
        "occurrenceDate": "01-07-2018",
        "messageList": [
          {
            "msg": "If you need any more information, contact me.",
            "date": "17-01-2018 11:15",
            "sender": "Joao Silva"
          }
        ],
        "description": "Description of claim 1.",
        "submissionDate": "02-07-2018",
        "plate": "88-JJ-99",
        "claimId": 1,
        "claimTitle": "Claim 1 Title",
        "status": "pending"
      },
      {
        "occurrenceDate": "29-06-2018",
        "messageList": [],
        "description": "Test Claim Description",
        "submissionDate": "19-07-2018",
        "plate": "ZZ-11-22",
        "claimId": 2,
        "claimTitle": "Test Claim Title",
        "status": "pending"
      }
    ],
    "username": "j"
  },
  {
    "password": "m",
    "plateList": [
      "88-MM-99",
      "88-MM-88"
    ],
    "person": {
      "address": "Av. da Liberdade 1, Lisboa",
      "name": "Maria Albertina",
      "dateOfBirth": "16-02-1986",
      "fiscalNumber": 211
    },
    "policyNumber": 202020202,
    "claimList": [
      {
        "occurrenceDate": "20-06-2018",
        "messageList": [
          {
            "msg": "Any news regarding this claim?",
            "date": "20-06-2018 17:15",
            "sender": "Maria Albertina"
          },
          {
            "msg": "Yes, the claim was accepted!",
            "date": "21-06-2018",
            "sender": "AutoInSure"
          }
        ],
        "description": "Description of claim 1.",
        "submissionDate": "20-06-2018",
        "plate": "88-MM-88",
        "claimId": 1,
        "claimTitle": "Claim 1 Title",
        "status": "accepted"
      },
      {
        "occurrenceDate": "25-06-2018",
        "messageList": [
          {
            "msg": "Your claim was denied due to ...",
            "date": "25-06-2018 14:15",
            "sender": "AutoInSure"
          }
        ],
        "description": "Description of claim 2.",
        "submissionDate": "26-06-2018",
        "plate": "88-MM-99",
        "claimId": 2,
        "claimTitle": "Claim 2 Title",
        "status": "denied"
      }
    ],
    "username": "m"
  }
]