[
  {
    "password": "j",
    "plateList": [
      "88-JJ-99",
      "88-JJ-99",
      "88-JJ-99"
    ],
    "person": {
      "address": "Rua das Flores 21, Lisboa",
      "dateOfBirth": "23-01-1960",
      "fiscalNumber": 1234,
      "customerName": "Joao Silva"
    },
    "policyNumber": 1112222333,
    "claimList": [
      {
        "messageList": [
          {
            "msg": "If you need any more information, contact me.",
            "date": "17-1-2016;11:15",
            "sender": "Joao Silva"
          }
        ],
        "description": "Description of claim 1.",
        "submissionDate": "Claim 1 Title",
        "claimId": 1,
        "claimTitle": "02-07-2018",
        "status": "pending"
      }
    ],
    "username": "j"
  },
  {
    "password": "m",
    "plateList": [
      "88-MM-99",
      "88-MM-88"
    ],
    "person": {
      "address": "Av. da Liberdade 1, Lisboa",
      "dateOfBirth": "16-02-1986",
      "fiscalNumber": 211,
      "customerName": "Maria Albertina"
    },
    "policyNumber": 202020202,
    "claimList": [
      {
        "messageList": [
          {
            "msg": "Any news regarding this claim?",
            "date": "20-06-2018;17:15",
            "sender": "Maria Albertina"
          },
          {
            "msg": "Yes, the claim was accepted!",
            "date": "21-06-2018;09:15",
            "sender": "AutoInSure"
          }
        ],
        "description": "Description of claim 2.",
        "submissionDate": "Claim 2 Title",
        "claimId": 1,
        "claimTitle": "20-06-2018",
        "status": "accepted"
      },
      {
        "messageList": [
          {
            "msg": "Your claim was denied due to high investment risk.",
            "date": "25-06-2018;14:15",
            "sender": "AutoInSure"
          }
        ],
        "description": "Description of claim 3.",
        "submissionDate": "Claim 3 Title",
        "claimId": 2,
        "claimTitle": "25-06-2018",
        "status": "denied"
      }
    ],
    "username": "m"
  }
]